<?xml version="1.0" encoding="utf-8"?>
<!--
/*
** Copyright 2012, Cyanogenmod
**
** Licensed under the Apache License, Version 2.0 (the "License");
** you may not use this file except in compliance with the License.
** You may obtain a copy of the License at
**
**     http://www.apache.org/licenses/LICENSE-2.0
**
** Unless required by applicable law or agreed to in writing, software
** distributed under the License is distributed on an "AS IS" BASIS,
** WITHOUT WARRANTIES OR CONDITIONS OF ANY KIND, either express or implied.
** See the License for the specific language governing permissions and
** limitations under the License.
*/
-->

<!-- use empty string to specify no proxy or port -->
<!-- This version must agree with that in apps/common/res/apns.xml -->
<apns version="7">
  <apn carrier="MobiPCS" mcc="310" mnc="00" apn="MobiPCS" user="@mobipcs.com" password="mobipcs" mmsc="http://mms.mobipcs.com" authtype="3" type="*" />
  <apn carrier="Verizon" mcc="310" mnc="004" apn="internet" user="*" password="*" server="*" mmsc="http://mms.vtext.com/servlets/mms" type="default,supl,mms" />
  <apn carrier="Cricket" mcc="310" mnc="16" apn="wap.mycricket.com" user="@mycricket.com" password="cricket" mmsc="http://mms.mycricket.com/servlets/mms" mmsproxy="" mmsport="" proxy="wap.mycricket.com" port="8080" authtype="2" type="*" />
  <apn carrier="MetroPCS" mcc="310" mnc="027" apn="wap.metropcs.net" user="MDN@mymetropcs.com" password="metropcs" server="http://mms.metropcs.net/servlets/mmsc" mmsc="http://mms.metropcs.net/mmsc" mmsport="3128" type="default,supl,mms" />
  <apn carrier="Sprint" mcc="310" mnc="120" apn="Sprint" user="Sprint" server="*" password="*" mmsc="http://mms.sprintpcs.com" authtype="3"/>
  <apn carrier="Virgin Mobile US" mcc="311" mnc="490" apn="0" mmsproxy="205.239.233.136" mmsport="81" mmsc="http://mmsc.vmobl.com:8088/mms?" port="" type="mms" />
  <apn carrier="Boost MMS" mcc="505" mnc="02" apn="mms" user="" password="" server="" proxy="61.88.190.10" port="8070" mmsc="http://mmsc.optus.com.au:8002/" mmsproxy="61.88.190.10" mmsport="8070" type="mms" authtype="3"/>
  <apn carrier="Boost Mobile" mcc="505" mnc="02" apn="yesinternet" user="" password="" server="" proxy="" port="" mmsc="" mmsproxy="" mmsport="" type="default,supl" authtype="3"/>
</apns>

